Model,R²_Train,R²_Test,MAE_Train,MAE_Test,RMSE_Train,RMSE_Test,Overfit_Gap
Linear Regression,0.8260073017076641,0.808452020462053,40012.9019929061,41949.54485222747,49517.89951480669,51720.65637803303,0.01755528124561112
Ridge Regression,0.8259499096563842,0.8088227478780516,39912.50210883083,41822.384511377844,49526.06566068382,51670.58132129577,0.01712716177833251
Lasso Regression,0.8260072434666468,0.8084598907784942,40010.36408295869,41946.281954421844,49517.90780243207,51719.593818890906,0.01754735268815255
Decision Tree,0.8813560586256468,0.8151257287018789,32060.586374214658,40217.061513932334,40890.22359660292,50811.67103417945,0.06623032992376787
Random Forest,0.9362513526634957,0.8946263938105206,23202.115320490913,30388.15953873032,29973.136368000196,38361.109685614414,0.041624958852975125
Gradient Boosting,0.9840680111716682,0.9270964999896377,11393.618185247384,25698.507487931696,14984.135759179282,31907.988694654112,0.056971511182030476
XGBoost,0.9819068908691406,0.9332627058029175,12168.607421875,24110.109375,15968.090180106074,30528.78615339955,0.048644185066223145
